Consumption,Investment,Government_Spending,Exports,Imports,Unemployed,Labor_Force,CPI,Current_Account_Balance,Public_Debt,Interest_Rate,FDI,Labor_Force_Participation,GDP,GDP_Growth_Rate,Inflation_Rate,Unemployment_Rate,DateTime
9847.2,2073.135,3498.103,1631.257,2028.74,12058.0,154210.0,211.933,-379729.0,11126941.0,2.87,-1288.0,65.7,15020.955000000002,,,7.819207574087283,2009-01-31
9824.5,2073.135,3498.103,1631.257,2028.74,12898.0,154538.0,212.705,-379729.0,11126941.0,3.02,-1288.0,65.8,15020.955000000002,0.0,0.3642660652187324,8.346167285716135,2009-02-28
9773.2,2073.135,3498.103,1631.257,2028.74,13426.0,154133.0,212.495,-379729.0,11126941.0,2.71,-1288.0,65.6,15020.955000000002,0.0,-0.0987282856538485,8.710658976338618,2009-03-31
9772.5,1952.641,3549.027,1641.991,1946.352,13853.0,154509.0,212.709,-379729.0,11545275.0,3.16,128724.0,65.7,14969.806999999999,-0.34051097283762655,0.10070825195886979,8.965820761250153,2009-04-30
9791.6,1952.641,3549.027,1641.991,1946.352,14499.0,154747.0,213.022,-379729.0,11545275.0,3.47,128724.0,65.7,14969.806999999999,0.0,0.14714939189219844,9.369486969052712,2009-05-31
9852.4,1952.641,3549.027,1641.991,1946.352,14707.0,154716.0,214.79,-379729.0,11545275.0,3.53,128724.0,65.7,14969.806999999999,0.0,0.8299612246622345,9.505804183148477,2009-06-30
9886.3,1946.867,3558.54,1702.68,2026.658,14601.0,154502.0,214.726,-379729.0,11909828.0,3.52,226532.0,65.5,15067.729,0.6541300098257707,-0.029796545463012247,9.450363102095766,2009-07-31
10004.1,1946.867,3558.54,1702.68,2026.658,14814.0,154307.0,215.445,-379729.0,11909828.0,3.4,226532.0,65.4,15067.729,0.0,0.33484533777929926,9.600342175014744,2009-08-31
9927.8,1946.867,3558.54,1702.68,2026.658,15009.0,153827.0,215.861,-379729.0,11909828.0,3.31,226532.0,65.1,15067.729,0.0,0.19308872334005134,9.757064754561943,2009-09-30
9976.7,2128.516,3565.188,1796.464,2125.297,15352.0,153784.0,216.509,-379729.0,12311349.0,3.41,276984.0,65.0,15341.571,1.817407254935377,0.3001931798703783,9.982833064558081,2009-10-31
9985.7,2128.516,3565.188,1796.464,2125.297,15219.0,153878.0,217.234,-379729.0,12311349.0,3.21,276984.0,65.0,15341.571,0.0,0.3348590589767664,9.89030270733958,2009-11-30
10052.6,2128.516,3565.188,1796.464,2125.297,15098.0,153111.0,217.347,-379729.0,12311349.0,3.85,276984.0,64.6,15341.571,0.0,0.052017639964274665,9.860819928026073,2009-12-31
10056.1,2174.335,3549.775,1836.914,2178.743,15046.0,153484.0,217.488,-432009.0,12773123.0,3.63,152096.0,64.8,15438.381000000001,0.6310305509129588,0.06487322116246474,9.802976205988898,2010-01-31
10093.4,2174.335,3549.775,1836.914,2178.743,15113.0,153694.0,217.281,-432009.0,12773123.0,3.61,152096.0,64.9,15438.381000000001,0.0,-0.09517766497462166,9.833175010084974,2010-02-28
10156.0,2174.335,3549.775,1836.914,2178.743,15202.0,153954.0,217.353,-432009.0,12773123.0,3.84,152096.0,64.9,15438.381000000001,0.0,0.03313681361922782,9.874378060979254,2010-03-31
10182.3,2288.469,3560.566,1877.331,2278.127,15325.0,154622.0,217.403,-432009.0,13201792.0,3.69,127132.0,65.2,15630.538999999999,1.2446771458742845,0.023004053314190642,9.911267478107902,2010-04-30
10210.8,2288.469,3560.566,1877.331,2278.127,14849.0,154091.0,217.29,-432009.0,13201792.0,3.31,127132.0,64.9,15630.538999999999,0.0,-0.05197720362644098,9.636513488782603,2010-05-31
10231.3,2288.469,3560.566,1877.331,2278.127,14474.0,153616.0,217.199,-432009.0,13201792.0,2.97,127132.0,64.6,15630.538999999999,0.0,-0.041879515854381655,9.422195604624518,2010-06-30
10268.1,2390.072,3535.371,1930.963,2357.757,14512.0,153691.0,217.605,-432009.0,13561622.0,2.94,334432.0,64.6,15766.749000000002,0.8714350797499826,0.18692535416828804,9.442322582324273,2010-07-31
10307.1,2390.072,3535.371,1930.963,2357.757,14648.0,154086.0,217.923,-432009.0,13561622.0,2.47,334432.0,64.7,15766.749000000002,0.0,0.14613634796996067,9.506379554274885,2010-08-31
10327.1,2390.072,3535.371,1930.963,2357.757,14579.0,153975.0,218.275,-432009.0,13561622.0,2.53,334432.0,64.6,15766.749000000002,0.0,0.1615249422961318,9.468420198084104,2010-09-30
10386.4,2383.297,3512.905,1983.824,2366.425,14516.0,153635.0,219.035,-432009.0,14025215.0,2.63,228520.0,64.4,15900.001,0.8451456923681544,0.348184629481163,9.448367884922055,2010-10-31
10433.6,2383.297,3512.905,1983.824,2366.425,15081.0,154125.0,219.59,-432009.0,14025215.0,2.81,228520.0,64.6,15900.001,0.0,0.25338416234848005,9.78491484184915,2010-11-30
10471.0,2383.297,3512.905,1983.824,2366.425,14348.0,153650.0,220.472,-432009.0,14025215.0,3.3,228520.0,64.3,15900.001,0.0,0.4016576346828282,9.338106085258705,2010-12-31
10514.3,2338.901,3469.798,2000.839,2377.978,14013.0,153263.0,221.187,-455302.0,14270114.0,3.42,170096.0,64.2,15945.86,0.2884213655080847,0.3243042200370194,9.143106946882156,2011-01-31
10540.6,2338.901,3469.798,2000.839,2377.978,13820.0,153214.0,221.898,-455302.0,14270114.0,3.42,170096.0,64.1,15945.86,0.0,0.321447463006419,9.020063440677745,2011-02-28
10619.7,2338.901,3469.798,2000.839,2377.978,13737.0,153376.0,223.046,-455302.0,14270114.0,3.47,170096.0,64.2,15945.86,0.0,0.51735482068338,8.956420822032129,2011-03-31
10652.1,2434.538,3446.079,2034.722,2386.867,13957.0,153543.0,224.093,-455302.0,14343087.0,3.32,247568.0,64.2,16180.572,1.4719306453210956,0.46940989750992035,9.089961769667129,2011-04-30
10672.2,2434.538,3446.079,2034.722,2386.867,13855.0,153479.0,224.806,-455302.0,14343087.0,3.05,247568.0,64.1,16180.572,0.0,0.3181714734507679,9.027293636262941,2011-05-31
10694.8,2434.538,3446.079,2034.722,2386.867,13962.0,153346.0,224.806,-455302.0,14343087.0,3.18,247568.0,64.0,16180.572,0.0,0.0,9.104900029997522,2011-06-30
10731.6,2445.296,3396.917,2062.73,2413.346,13763.0,153288.0,225.395,-455302.0,14790340.0,2.82,270528.0,64.0,16223.197000000002,0.26343320866530906,0.26200368317570444,8.978524085381764,2011-07-31
10750.3,2445.296,3396.917,2062.73,2413.346,13818.0,153760.0,226.106,-455302.0,14790340.0,2.23,270528.0,64.1,16223.197000000002,0.0,0.3154462166418792,8.986732570239333,2011-08-31
10783.2,2445.296,3396.917,2062.73,2413.346,13948.0,154131.0,226.597,-455302.0,14790340.0,1.92,270528.0,64.2,16223.197000000002,0.0,0.21715478580843772,9.04944495267013,2011-09-30
10802.9,2633.829,3394.613,2078.364,2445.03,13594.0,153961.0,226.75,-455302.0,15222940.0,2.17,280432.0,64.1,16464.676,1.4884797367620939,0.0675207527019328,8.829508771701924,2011-10-31
10806.8,2633.829,3394.613,2078.364,2445.03,13302.0,154128.0,227.169,-455302.0,15222940.0,2.08,280432.0,64.1,16464.676,0.0,0.18478500551268873,8.630488944254127,2011-11-30
10817.8,2633.829,3394.613,2078.364,2445.03,13093.0,153995.0,227.223,-455302.0,15222940.0,1.89,280432.0,64.0,16464.676,0.0,0.023770849015480877,8.502224098185005,2011-12-31
10896.8,2692.179,3380.162,2103.747,2457.077,12797.0,154381.0,227.842,-418181.0,15606518.0,1.83,155892.0,63.7,16615.810999999998,0.9179348564162249,0.27241960540966836,8.289232483271904,2012-01-31
10987.2,2692.179,3380.162,2103.747,2457.077,12813.0,154671.0,228.329,-418181.0,15606518.0,1.98,155892.0,63.8,16615.810999999998,0.0,0.21374461249461518,8.284035145567042,2012-02-29
10993.9,2692.179,3380.162,2103.747,2457.077,12713.0,154749.0,228.807,-418181.0,15606518.0,2.23,155892.0,63.8,16615.810999999998,0.0,0.20934703870292282,8.21523887068737,2012-03-31
11018.5,2752.614,3362.33,2124.46,2466.212,12646.0,154545.0,229.187,-418181.0,15855037.0,1.95,303700.0,63.7,16791.692,1.0585158918815507,0.16607883500068255,8.182729949205733,2012-04-30
11006.8,2752.614,3362.33,2124.46,2466.212,12660.0,154866.0,228.713,-418181.0,15855037.0,1.59,303700.0,63.7,16791.692,0.0,-0.2068180132381081,8.174809189880284,2012-05-31
10989.8,2752.614,3362.33,2124.46,2466.212,12692.0,155083.0,228.524,-418181.0,15855037.0,1.67,303700.0,63.8,16791.692,0.0,-0.08263631713106845,8.184004694260492,2012-06-30
11016.8,2759.86,3357.201,2137.473,2479.452,12656.0,154948.0,228.59,-418181.0,16066240.0,1.51,175072.0,63.7,16791.882,0.0011315119405663765,0.02888099280600187,8.167901489531971,2012-07-31
11056.0,2759.86,3357.201,2137.473,2479.452,12471.0,154763.0,229.918,-418181.0,16066240.0,1.57,175072.0,63.5,16791.882,0.0,0.580952797585188,8.058127588635527,2012-08-31
11105.3,2759.86,3357.201,2137.473,2479.452,12115.0,155160.0,231.015,-418181.0,16066240.0,1.65,175072.0,63.6,16791.882,0.0,0.47712662775423187,7.808069089971642,2012-09-30
11137.4,2736.423,3324.137,2139.526,2456.092,12124.0,155554.0,231.638,-418181.0,16432730.0,1.72,211204.0,63.8,16881.394,0.5330671094520456,0.26967945804385884,7.794077940779408,2012-10-31
11178.4,2736.423,3324.137,2139.526,2456.092,12005.0,155338.0,231.249,-418181.0,16432730.0,1.62,211204.0,63.6,16881.394,0.0,-0.16793444944266378,7.728308591587377,2012-11-30
11181.2,2736.423,3324.137,2139.526,2456.092,12298.0,155628.0,231.221,-418181.0,16432730.0,1.78,211204.0,63.7,16881.394,0.0,-0.012108160467716456,7.9021769861464515,2012-12-31
11252.4,2845.38,3293.099,2150.631,2453.983,12471.0,155763.0,231.679,-339516.0,16771381.0,2.02,142684.0,63.7,17087.527000000002,1.221066222374767,0.1980788942180789,8.006394329847268,2013-01-31
11290.5,2845.38,3293.099,2150.631,2453.983,11950.0,155312.0,232.937,-339516.0,16771381.0,1.89,142684.0,63.4,17087.527000000002,0.0,0.5429926752100966,7.694189759967034,2013-02-28
11290.1,2845.38,3293.099,2150.631,2453.983,11689.0,155005.0,232.282,-339516.0,16771381.0,1.87,142684.0,63.3,17087.527000000002,0.0,-0.28119191025899326,7.541047062997968,2013-03-31
11281.1,2882.489,3288.858,2170.131,2489.615,11760.0,155394.0,231.797,-339516.0,16738320.0,1.7,256596.0,63.4,17132.963,0.2659015549763222,-0.2087979266581219,7.56785976292521,2013-04-30
11321.6,2882.489,3288.858,2170.131,2489.615,11654.0,155536.0,231.893,-339516.0,16738320.0,2.16,256596.0,63.4,17132.963,0.0,0.041415548950163306,7.492799094743339,2013-05-31
11344.4,2882.489,3288.858,2170.131,2489.615,11751.0,155749.0,232.445,-339516.0,16738320.0,2.52,256596.0,63.4,17132.963,0.0,0.23804082055085551,7.544831748518449,2013-06-30
11372.6,2998.991,3272.825,2188.712,2507.502,11335.0,155599.0,232.9,-339516.0,16738180.0,2.6,243816.0,63.3,17325.626,1.1245165240828525,0.19574523005443378,7.284751187346962,2013-07-31
11406.6,2998.991,3272.825,2188.712,2507.502,11279.0,155605.0,233.456,-339516.0,16738180.0,2.78,243816.0,63.3,17325.626,0.0,0.23872906826962748,7.248481732592141,2013-08-31
11445.9,2998.991,3272.825,2188.712,2507.502,11270.0,155687.0,233.544,-339516.0,16738180.0,2.64,243816.0,63.2,17325.626,0.0,0.037694469193350066,7.238883143743537,2013-09-30
11498.0,3027.805,3247.579,2251.769,2527.321,11136.0,154673.0,233.669,-339516.0,17156119.0,2.57,225996.0,62.8,17497.832000000002,0.9939381122506141,0.053523104853914205,7.19970518448598,2013-10-31
11562.5,3027.805,3247.579,2251.769,2527.321,10787.0,155265.0,234.1,-339516.0,17156119.0,2.75,225996.0,63.0,17497.832000000002,0.0,0.18444894273523804,6.947476894341932,2013-11-30
11593.2,3027.805,3247.579,2251.769,2527.321,10404.0,155182.0,234.719,-339516.0,17156119.0,3.04,225996.0,62.9,17497.832000000002,0.0,0.2644169158479315,6.704385817942803,2013-12-31
11578.8,2998.148,3233.646,2230.209,2559.945,10202.0,155352.0,235.288,-370056.0,17601227.0,2.67,-293968.0,62.9,17480.858,-0.0970063034094859,0.24241752904536895,6.567021988773882,2014-01-31
11636.9,2998.148,3233.646,2230.209,2559.945,10349.0,155483.0,235.547,-370056.0,17601227.0,2.66,-293968.0,62.9,17480.858,0.0,0.11007786202441583,6.656033135455323,2014-02-28
11722.3,2998.148,3233.646,2230.209,2559.945,10380.0,156028.0,236.028,-370056.0,17601227.0,2.73,-293968.0,63.1,17480.858,0.0,0.204205530106516,6.652652088086754,2014-03-31
11762.3,3121.321,3238.033,2278.387,2618.248,9702.0,155369.0,236.468,-370056.0,17632606.0,2.67,316280.0,62.8,17781.792999999998,1.7215116100136374,0.18641856050976013,6.2444889263624015,2014-04-30
11807.3,3121.321,3238.033,2278.387,2618.248,9859.0,155684.0,236.918,-370056.0,17632606.0,2.48,316280.0,62.9,17781.792999999998,0.0,0.19030059035471947,6.332699570925722,2014-05-31
11861.7,3121.321,3238.033,2278.387,2618.248,9460.0,155707.0,237.231,-370056.0,17632606.0,2.53,316280.0,62.8,17781.792999999998,0.0,0.1321132206079767,6.075513624949424,2014-06-30
11904.4,3193.152,3259.9,2287.79,2623.176,9608.0,156007.0,237.498,-370056.0,17824071.0,2.58,424204.0,62.9,18022.066000000003,1.351230441159701,0.11254852864928111,6.158698007140705,2014-07-31
11983.7,3193.152,3259.9,2287.79,2623.176,9599.0,156130.0,237.46,-370056.0,17824071.0,2.35,424204.0,62.9,18022.066000000003,0.0,-0.01600013473797013,6.148081726766157,2014-08-31
11991.4,3193.152,3259.9,2287.79,2623.176,9262.0,156040.0,237.477,-370056.0,17824071.0,2.52,424204.0,62.8,18022.066000000003,0.0,0.007159100480080838,5.9356575237118685,2014-09-30
12064.7,3203.351,3257.472,2306.749,2692.035,8990.0,156417.0,237.43,-370056.0,18141444.0,2.35,401432.0,62.9,18140.237,0.6557017380804053,-0.019791390324119806,5.747457117832461,2014-10-31
12083.9,3203.351,3257.472,2306.749,2692.035,9090.0,156494.0,236.983,-370056.0,18141444.0,2.18,401432.0,62.9,18140.237,0.0,-0.18826601524659647,5.808529400488198,2014-11-30
12096.1,3203.351,3257.472,2306.749,2692.035,8717.0,156332.0,236.252,-370056.0,18141444.0,2.17,401432.0,62.8,18140.237,0.0,-0.30846094445592387,5.575953739477522,2014-12-31
12066.7,3314.895,3277.17,2288.491,2732.128,8885.0,157030.0,234.747,-408453.0,18152056.0,1.68,956604.0,62.9,18215.128,0.4128446612908121,-0.6370316441765556,5.6581544927720815,2015-01-31
12116.6,3314.895,3277.17,2288.491,2732.128,8599.0,156644.0,235.342,-408453.0,18152056.0,2.0,956604.0,62.7,18215.128,0.0,0.25346436802173855,5.489517632338296,2015-02-28
12176.1,3314.895,3277.17,2288.491,2732.128,8515.0,156643.0,235.976,-408453.0,18152056.0,1.94,956604.0,62.6,18215.128,0.0,0.26939517808124425,5.435927555013629,2015-03-31
12209.1,3328.049,3309.301,2294.628,2753.525,8550.0,157060.0,236.222,-408453.0,18151998.0,2.05,374936.0,62.8,18387.553,0.9466032849178907,0.10424788961589382,5.443779447344964,2015-04-30
12275.4,3328.049,3309.301,2294.628,2753.525,8834.0,157651.0,237.001,-408453.0,18151998.0,2.12,374936.0,62.9,18387.553,0.0,0.3297745341246827,5.603516628502198,2015-05-31
12307.9,3328.049,3309.301,2294.628,2753.525,8247.0,157062.0,237.657,-408453.0,18151998.0,2.35,374936.0,62.7,18387.553,0.0,0.27679208104607333,5.250792680597471,2015-06-30
12364.9,3335.27,3326.769,2276.101,2772.301,8167.0,156997.0,238.034,-408453.0,18150618.0,2.2,254312.0,62.6,18530.738999999998,0.7787115555832669,0.15863197801873063,5.202010229494832,2015-07-31
12396.2,3335.27,3326.769,2276.101,2772.301,7992.0,157172.0,238.033,-408453.0,18150618.0,2.21,254312.0,62.6,18530.738999999998,0.0,-0.000420108051790713,5.084875168605095,2015-08-31
12386.4,3335.27,3326.769,2276.101,2772.301,7907.0,156733.0,237.498,-408453.0,18150618.0,2.06,254312.0,62.4,18530.738999999998,0.0,-0.22475875193775918,5.044885250712996,2015-09-30
12394.9,3315.334,3341.055,2273.012,2780.142,7922.0,157167.0,237.733,-408453.0,18922179.0,2.16,349540.0,62.5,18544.159,0.07242020946927052,0.09894820166906904,5.040498323439399,2015-10-31
12423.2,3315.334,3341.055,2273.012,2780.142,8000.0,157463.0,238.017,-408453.0,18922179.0,2.21,349540.0,62.5,18544.159,0.0,0.11946174910508756,5.080558607418886,2015-11-30
12452.0,3315.334,3341.055,2273.012,2780.142,7907.0,158035.0,237.761,-408453.0,18922179.0,2.27,349540.0,62.7,18544.159,0.0,-0.10755534268560574,5.0033220489132155,2015-12-31
12478.0,3301.09,3371.646,2266.512,2776.83,7627.0,158280.0,237.652,-396216.0,19264939.0,1.94,566720.0,62.7,18640.418,0.5190798892524606,-0.04584435630738959,4.818675764468031,2016-01-31
12554.5,3301.09,3371.646,2266.512,2776.83,7702.0,158640.0,237.336,-396216.0,19264939.0,1.74,566720.0,62.8,18640.418,0.0,-0.13296753235823022,4.855017650025214,2016-02-29
12537.0,3301.09,3371.646,2266.512,2776.83,7961.0,159179.0,238.08,-396216.0,19264939.0,1.78,566720.0,63.0,18640.418,0.0,0.31347962382444194,5.001287858323019,2016-03-31
12611.5,3287.033,3369.042,2284.053,2780.375,8067.0,159141.0,238.992,-396216.0,19381591.0,1.83,606940.0,62.9,18771.253,0.701888766657488,0.38306451612901693,5.0690896751936965,2016-04-30
12652.7,3287.033,3369.042,2284.053,2780.375,7652.0,158784.0,239.557,-396216.0,19381591.0,1.84,606940.0,62.7,18771.253,0.0,0.23640958693178504,4.819125352680371,2016-05-31
12731.2,3287.033,3369.042,2284.053,2780.375,7744.0,158967.0,240.222,-396216.0,19381591.0,1.49,606940.0,62.7,18771.253,0.0,0.2775957287827202,4.871451307504073,2016-06-30
12756.7,3301.079,3383.696,2321.136,2800.667,7641.0,159194.0,240.101,-396216.0,19573445.0,1.46,475284.0,62.8,18961.944,1.0158671879815229,-0.05037007434789409,4.799804012714047,2016-07-31
12788.1,3301.079,3383.696,2321.136,2800.667,7784.0,159562.0,240.545,-396216.0,19573445.0,1.58,475284.0,62.9,18961.944,0.0,0.18492217858316895,4.878354495431243,2016-08-31
12846.6,3301.079,3383.696,2321.136,2800.667,7953.0,159714.0,241.176,-396216.0,19573445.0,1.6,475284.0,62.9,18961.944,0.0,0.26232097944252075,4.97952590255081,2016-09-30
12867.0,3391.749,3389.649,2303.823,2841.006,7811.0,159605.0,241.741,-396216.0,19976827.0,1.84,271120.0,62.8,19111.215,0.787213589492719,0.23426874979268764,4.893956956235707,2016-10-31
12893.0,3391.749,3389.649,2303.823,2841.006,7553.0,159506.0,242.026,-396216.0,19976827.0,2.37,271120.0,62.7,19111.215,0.0,0.11789477167711837,4.735245069151003,2016-11-30
13005.9,3391.749,3389.649,2303.823,2841.006,7521.0,159678.0,242.637,-396216.0,19976827.0,2.45,271120.0,62.7,19111.215,0.0,0.2524522158776188,4.710104084469996,2016-12-31
13063.7,3382.703,3380.244,2359.904,2885.003,7468.0,159620.0,243.618,-367616.0,19846420.0,2.45,393588.0,62.8,19301.548000000003,0.9959230744879477,0.4043076694815628,4.678611702794136,2017-01-31
13088.4,3382.703,3380.244,2359.904,2885.003,7379.0,159859.0,244.006,-367616.0,19846420.0,2.36,393588.0,62.9,19301.548000000003,0.0,0.15926573570097524,4.6159427995921405,2017-02-28
13139.9,3382.703,3380.244,2359.904,2885.003,7073.0,160137.0,243.892,-367616.0,19846420.0,2.4,393588.0,62.9,19301.548000000003,0.0,-0.04672016261895173,4.416843078114365,2017-03-31
13169.2,3435.929,3389.811,2367.862,2912.428,7089.0,160345.0,244.193,-367616.0,19844554.0,2.29,315376.0,63.0,19450.374000000003,0.7710573265937049,0.12341528217407749,4.421092020331161,2017-04-30
13171.9,3435.929,3389.811,2367.862,2912.428,7000.0,160068.0,244.004,-367616.0,19844554.0,2.21,315376.0,62.8,19450.374000000003,0.0,-0.07739779600562935,4.373141414898668,2017-05-31
13225.2,3435.929,3389.811,2367.862,2912.428,6873.0,160192.0,244.163,-367616.0,19844554.0,2.31,315376.0,62.8,19450.374000000003,0.0,0.0651628661825221,4.290476428286056,2017-06-30
13263.3,3493.166,3394.009,2381.788,2923.573,6892.0,160462.0,244.243,-367616.0,20244900.0,2.3,282788.0,62.9,19608.69,0.8139483590392516,0.03276499715354486,4.29509790479989,2017-07-31
13294.6,3493.166,3394.009,2381.788,2923.573,7082.0,160586.0,245.183,-367616.0,20244900.0,2.12,282788.0,62.9,19608.69,0.0,0.38486261632881824,4.41009801601634,2017-08-31
13417.3,3493.166,3394.009,2381.788,2923.573,6854.0,161140.0,246.435,-367616.0,20244900.0,2.33,282788.0,63.1,19608.69,0.0,0.5106389920997767,4.253444210003724,2017-09-30
13447.5,3558.859,3424.498,2443.487,3005.351,6700.0,160309.0,246.626,-367616.0,20492747.0,2.38,308540.0,62.7,19868.993,1.3274879657947602,0.07750522450138408,4.179428478750413,2017-10-31
13540.6,3558.859,3424.498,2443.487,3005.351,6774.0,160579.0,247.284,-367616.0,20492747.0,2.42,308540.0,62.7,19868.993,0.0,0.2668007428251684,4.218484359723251,2017-11-30
13666.1,3558.859,3424.498,2443.487,3005.351,6632.0,160535.0,247.805,-367616.0,20492747.0,2.4,308540.0,62.7,19868.993,0.0,0.21068892447551058,4.13118634565671,2017-12-31
13703.3,3612.936,3431.709,2459.308,3017.795,6489.0,160914.0,248.859,-439849.0,21089643.0,2.72,132968.0,62.7,20189.458,1.612889993972022,0.42533443635115464,4.032588836272791,2018-01-31
13738.7,3612.936,3431.709,2459.308,3017.795,6581.0,161778.0,249.529,-439849.0,21089643.0,2.87,132968.0,63.0,20189.458,0.0,0.26922876006090224,4.067920236373301,2018-02-28
13793.2,3612.936,3431.709,2459.308,3017.795,6472.0,161686.0,249.577,-439849.0,21089643.0,2.74,132968.0,62.9,20189.458,0.0,0.0192362410782021,4.002820281285949,2018-03-31
13838.4,3612.389,3456.309,2472.656,3021.689,6459.0,161771.0,250.227,-439849.0,21195070.0,2.95,-36956.0,62.9,20358.065000000002,0.835123954293393,0.2604406656061986,3.992681012047895,2018-04-30
13905.0,3612.389,3456.309,2472.656,3021.689,6196.0,161848.0,250.792,-439849.0,21195070.0,2.83,-36956.0,62.9,20358.065000000002,0.0,0.2257949781598212,3.8282833275666053,2018-05-31
13930.4,3612.389,3456.309,2472.656,3021.689,6447.0,162210.0,251.018,-439849.0,21195070.0,2.85,-36956.0,63.0,20358.065000000002,0.0,0.09011451720948305,3.974477529128907,2018-06-30
13974.8,3722.248,3483.628,2441.791,3064.175,6195.0,162341.0,251.214,-439849.0,21516058.0,2.96,419264.0,63.0,20558.292,0.9835266760372274,0.07808204989283585,3.8160415421858924,2018-07-31
14014.0,3722.248,3483.628,2441.791,3064.175,6156.0,161660.0,251.663,-439849.0,21516058.0,2.86,419264.0,62.6,20558.292,0.0,0.17873207703393845,3.8079920821477176,2018-08-31
14017.8,3722.248,3483.628,2441.791,3064.175,6073.0,162087.0,252.182,-439849.0,21516058.0,3.05,419264.0,62.8,20558.292,0.0,0.2062281702117419,3.7467532868151054,2018-09-30
14083.1,3724.752,3488.352,2451.936,3096.191,6211.0,162602.0,252.772,-439849.0,21974096.0,3.15,350384.0,62.9,20651.948999999997,0.45556800146624443,0.2339580144498754,3.8197562145607065,2018-10-31
14162.9,3724.752,3488.352,2451.936,3096.191,6115.0,162836.0,252.594,-439849.0,21974096.0,3.01,350384.0,62.9,20651.948999999997,0.0,-0.07041919199911595,3.755312093148935,2018-11-30
14051.6,3724.752,3488.352,2451.936,3096.191,6389.0,163206.0,252.767,-439849.0,21974096.0,2.69,350384.0,63.0,20651.948999999997,0.0,0.06848935445813442,3.9146845091479485,2018-12-31
14084.6,3755.53,3536.6,2474.928,3094.294,6475.0,162963.0,252.561,-441751.0,22027880.0,2.63,266252.0,63.1,20757.364,0.5104360852334233,-0.08149798035343991,3.9732945515239657,2019-01-31
14117.4,3755.53,3536.6,2474.928,3094.294,6136.0,162999.0,253.319,-441751.0,22027880.0,2.73,266252.0,63.1,20757.364,0.0,0.3001255142321968,3.7644402726397095,2019-02-28
14248.6,3755.53,3536.6,2474.928,3094.294,6202.0,162904.0,254.277,-441751.0,22027880.0,2.41,266252.0,63.0,20757.364,0.0,0.37817929172307974,3.8071502234444825,2019-03-31
14290.0,3790.049,3584.587,2462.392,3111.425,5961.0,162586.0,255.233,-441751.0,22023283.0,2.51,258772.0,62.8,21015.603,1.2440837863612941,0.3759679404743643,3.6663673379011725,2019-04-30
14353.3,3790.049,3584.587,2462.392,3111.425,5930.0,162751.0,255.296,-441751.0,22023283.0,2.14,258772.0,62.9,21015.603,0.0,0.02468332856644384,3.6436028042838444,2019-05-31
14408.7,3790.049,3584.587,2462.392,3111.425,5935.0,163168.0,255.213,-441751.0,22023283.0,2.0,258772.0,63.0,21015.603,0.0,-0.03251128102280676,3.637355363796823,2019-06-30
14496.0,3819.94,3625.512,2462.912,3097.883,6061.0,163590.0,255.802,-441751.0,22719402.0,2.02,207212.0,63.1,21306.480999999996,1.3841049433604091,0.23078761661827762,3.7049941927990706,2019-07-31
14558.2,3819.94,3625.512,2462.912,3097.883,5945.0,163774.0,256.036,-441751.0,22719402.0,1.5,207212.0,63.1,21306.480999999996,0.0,0.09147700174354512,3.6300023202706164,2019-08-31
14590.6,3819.94,3625.512,2462.912,3097.883,5753.0,164092.0,256.43,-441751.0,22719402.0,1.68,207212.0,63.2,21306.480999999996,0.0,0.1538846099767177,3.505960071179582,2019-09-30
14617.4,3770.431,3654.831,2477.908,3039.834,5871.0,164416.0,257.155,-441751.0,23201380.0,1.69,294516.0,63.3,21480.735999999997,0.8178497425266995,0.2827282299262768,3.570820358115998,2019-10-31
14711.0,3770.431,3654.831,2477.908,3039.834,5868.0,164496.0,257.879,-441751.0,23201380.0,1.78,294516.0,63.3,21480.735999999997,0.0,0.281542260504386,3.567259994163992,2019-11-30
14774.8,3770.431,3654.831,2477.908,3039.834,5853.0,164699.0,258.63,-441751.0,23201380.0,1.92,294516.0,63.3,21480.735999999997,0.0,0.29122185210892493,3.553755639074919,2019-12-31
14844.3,3673.842,3694.581,2371.835,2929.668,5842.0,164328.0,258.906,-601201.0,23223813.0,1.51,97904.0,63.3,21654.89,0.810745032200022,0.10671615821831182,3.555084952047125,2020-01-31
14833.8,3673.842,3694.581,2371.835,2929.668,5729.0,164412.0,259.246,-601201.0,23223813.0,1.13,97904.0,63.3,21654.89,0.0,0.13132179246519993,3.484538841447096,2020-02-29
13810.5,3673.842,3694.581,2371.835,2929.668,7209.0,162581.0,258.15,-601201.0,23223813.0,0.7,97904.0,62.6,21654.89,0.0,-0.42276447852619414,4.434097465263469,2020-03-31
12234.4,3162.976,3774.372,1870.98,2428.918,23090.0,156276.0,256.126,-601201.0,26477241.0,0.64,73156.0,60.1,18613.809999999998,-14.043386967100746,-0.7840402866550411,14.7751414164683,2020-04-30
13251.7,3162.976,3774.372,1870.98,2428.918,20933.0,158066.0,255.848,-601201.0,26477241.0,0.65,73156.0,60.8,18613.809999999998,0.0,-0.10854032780739375,13.243202206673162,2020-05-31
14040.8,3162.976,3774.372,1870.98,2428.918,17658.0,160003.0,257.004,-601201.0,26477241.0,0.66,73156.0,61.5,18613.809999999998,0.0,0.4518307745223771,11.036043074192358,2020-06-30
14303.8,3747.725,3716.175,2104.963,2835.521,16391.0,160178.0,258.408,-601201.0,26945391.0,0.55,130960.0,61.5,21037.141999999996,13.019000408836234,0.5462949992996124,10.232990797737516,2020-07-31
14454.9,3747.725,3716.175,2104.963,2835.521,13498.0,160759.0,259.366,-601201.0,26945391.0,0.72,130960.0,61.7,21037.141999999996,0.0,0.3707315562985647,8.39641948506771,2020-08-31
14675.4,3747.725,3716.175,2104.963,2835.521,12573.0,160247.0,259.951,-601201.0,26945391.0,0.69,130960.0,61.5,21037.141999999996,0.0,0.22554999498778372,7.8460127178667936,2020-09-30
14726.0,3863.835,3701.905,2233.569,3040.959,11012.0,160961.0,260.249,-601201.0,27747798.0,0.88,145504.0,61.7,21484.35,2.125802069501659,0.1146369892787602,6.841408788464285,2020-10-31
14704.9,3863.835,3701.905,2233.569,3040.959,10713.0,160627.0,260.895,-601201.0,27747798.0,0.84,145504.0,61.5,21484.35,0.0,0.24822381642195523,6.669488940215531,2020-11-30
14827.3,3863.835,3701.905,2233.569,3040.959,10772.0,160761.0,262.005,-601201.0,27747798.0,0.93,145504.0,61.5,21484.35,0.0,0.42545851779451915,6.700630127953919,2020-12-31
15081.5,3840.228,3749.436,2235.418,3102.184,10196.0,160014.0,262.518,-867980.0,28132570.0,1.11,256216.0,61.3,21804.398,1.489679697081847,0.1957977901184904,6.371942455035184,2021-01-31
14984.4,3840.228,3749.436,2235.418,3102.184,9992.0,160133.0,263.583,-867980.0,28132570.0,1.44,256216.0,61.4,21804.398,0.0,0.40568646721370616,6.2398131553146445,2021-02-28
15712.4,3840.228,3749.436,2235.418,3102.184,9734.0,160395.0,264.91,-867980.0,28132570.0,1.74,256216.0,61.5,21804.398,0.0,0.5034467321488822,6.068767729667384,2021-03-31
15915.0,3777.719,3709.192,2253.207,3164.663,9801.0,160884.0,266.752,-867980.0,28529436.0,1.65,340468.0,61.6,22490.455,3.146415690999582,0.6953304896002432,6.091966882971582,2021-04-30
15950.5,3777.719,3709.192,2253.207,3164.663,9250.0,160737.0,268.452,-867980.0,28529436.0,1.58,340468.0,61.5,22490.455,0.0,0.6372960652591075,5.754742218655319,2021-05-31
16183.6,3777.719,3709.192,2253.207,3164.663,9547.0,161294.0,270.664,-867980.0,28529436.0,1.45,340468.0,61.7,22490.455,0.0,0.823983430929931,5.919005046684936,2021-06-30
16223.5,3923.193,3694.853,2258.262,3230.229,8770.0,161558.0,271.994,-867980.0,28428919.0,1.24,533108.0,61.8,22869.578999999998,1.6857106714826209,0.4913841515680195,5.4283910422263215,2021-07-31
16390.6,3923.193,3694.853,2258.262,3230.229,8288.0,161558.0,272.789,-867980.0,28428919.0,1.3,533108.0,61.8,22869.578999999998,0.0,0.2922858592468769,5.13004617536736,2021-08-31
16477.5,3923.193,3694.853,2258.262,3230.229,7659.0,161568.0,273.887,-867980.0,28428919.0,1.52,533108.0,61.7,22869.578999999998,0.0,0.4025088988192316,4.740418894830659,2021-09-30
16694.0,4175.67,3692.239,2390.257,3386.276,7244.0,161748.0,276.434,-867980.0,29617215.0,1.55,483616.0,61.8,23565.89,3.044704058609926,0.929945561490686,4.478571605213047,2021-10-31
16849.0,4175.67,3692.239,2390.257,3386.276,6733.0,162241.0,278.799,-867980.0,29617215.0,1.43,483616.0,61.9,23565.89,0.0,0.8555387542776849,4.149999075449486,2021-11-30
16905.5,4175.67,3692.239,2390.257,3386.276,6305.0,162429.0,280.808,-867980.0,29617215.0,1.52,483616.0,62.0,23565.89,0.0,0.7205908199096944,3.881696002561119,2021-12-31
17017.8,4250.699,3660.866,2362.172,3494.255,6549.0,163615.0,282.39,-1012098.0,30400960.0,1.79,344292.0,62.2,23797.282,0.9818937455788879,0.5633742628415206,4.002689239984109,2022-01-31
17136.1,4250.699,3660.866,2362.172,3494.255,6279.0,163807.0,284.535,-1012098.0,30400960.0,1.83,344292.0,62.2,23797.282,0.0,0.7595878041007254,3.833169522669971,2022-02-28
17371.4,4250.699,3660.866,2362.172,3494.255,5993.0,164212.0,287.553,-1012098.0,30400960.0,2.32,344292.0,62.3,23797.282,0.0,1.0606779482313256,3.649550580956325,2022-03-31
17493.8,4156.79,3647.157,2433.713,3544.951,6034.0,163922.0,288.764,-1012098.0,30568582.0,2.89,357948.0,62.2,24186.509,1.63559435064895,0.42113975510602586,3.68101902124181,2022-04-30
17569.9,4156.79,3647.157,2433.713,3544.951,5966.0,164280.0,291.359,-1012098.0,30568582.0,2.85,357948.0,62.3,24186.509,0.0,0.8986577274175289,3.6316045775505232,2022-05-31
17747.6,4156.79,3647.157,2433.713,3544.951,5984.0,164100.0,294.996,-1012098.0,30568582.0,2.98,357948.0,62.2,24186.509,0.0,1.2482881942895263,3.646556977452773,2022-06-30
17744.0,4096.015,3661.345,2517.458,3495.702,5783.0,164065.0,294.977,-1012098.0,30928912.0,2.67,494804.0,62.1,24523.116,1.3917138682560726,-0.006440765298509898,3.5248224788955596,2022-07-31
17897.5,4096.015,3661.345,2517.458,3495.702,5983.0,164741.0,295.209,-1012098.0,30928912.0,3.15,494804.0,62.4,24523.116,0.0,0.07865019984609756,3.6317613708791376,2022-08-31
17987.2,4096.015,3661.345,2517.458,3495.702,5755.0,164649.0,296.341,-1012098.0,30928912.0,3.83,494804.0,62.3,24523.116,0.0,0.38345714392176156,3.49531427460841,2022-09-30
18096.2,4153.817,3710.1,2510.25,3455.513,5950.0,164679.0,297.863,-1012098.0,31419689.0,4.1,214392.0,62.3,25014.854,2.0052019490508277,0.5135975109755275,3.613089707855889,2022-10-31
18094.0,4153.817,3710.1,2510.25,3455.513,5956.0,164441.0,298.648,-1012098.0,31419689.0,3.68,214392.0,62.1,25014.854,0.0,0.26354397827190734,3.621967757432757,2022-11-30
18134.6,4153.817,3710.1,2510.25,3455.513,5698.0,164998.0,298.812,-1012098.0,31419689.0,3.88,214392.0,62.3,25014.854,0.0,0.054914146419871024,3.453375192426575,2022-12-31
18475.2,4058.115,3756.4,2522.456,3448.496,5719.0,165871.0,300.356,-905376.0,31458438.0,3.52,418360.0,62.4,25363.675000000003,1.3944554703377632,0.5167128495508821,3.4478600840412126,2023-01-31
